,code,name,time_key,open,close,high,low,pe_ratio,turnover_rate,volume,turnover,change_rate,last_close
0,SH.560980,光伏30ETF,2022-11-29 00:00:00,0.98,0.981,0.994,0.975,0.0,0.0,45757600,44922812.0,0.10204081632653071,0.98
1,SH.560980,光伏30ETF,2022-11-30 00:00:00,0.981,0.979,0.992,0.972,0.0,0.0,31035700,30557350.0,-0.2038735983690114,0.981
2,SH.560980,光伏30ETF,2022-12-01 00:00:00,0.986,0.995,1.004,0.986,0.0,0.0,76098100,76034297.0,1.6343207354443323,0.979
3,SH.560980,光伏30ETF,2022-12-02 00:00:00,0.996,1.006,1.019,0.994,0.0,0.0,60559000,61276918.0,1.1055276381909558,0.995
4,SH.560980,光伏30ETF,2022-12-05 00:00:00,1.008,0.98,1.008,0.968,0.0,0.0,9928500,9708123.0,-2.584493041749505,1.006
5,SH.560980,光伏30ETF,2022-12-06 00:00:00,0.976,0.971,0.984,0.956,0.0,0.0,6328000,6134085.0,-0.9183673469387763,0.98
6,SH.560980,光伏30ETF,2022-12-07 00:00:00,0.97,0.977,0.987,0.965,0.0,0.0,4756200,4656026.0,0.617919670442843,0.971
7,SH.560980,光伏30ETF,2022-12-08 00:00:00,0.968,0.988,1.0,0.968,0.0,0.0,5261300,5208661.0,1.1258955987717514,0.977
8,SH.560980,光伏30ETF,2022-12-09 00:00:00,0.987,0.974,0.987,0.967,0.0,0.0,3601000,3497841.0,-1.4170040485829971,0.988
9,SH.560980,光伏30ETF,2022-12-12 00:00:00,0.97,0.961,0.97,0.954,0.0,0.0,5057800,4856141.0,-1.3347022587269006,0.974
10,SH.560980,光伏30ETF,2022-12-13 00:00:00,0.961,0.935,0.961,0.932,0.0,0.0,12875600,12088737.0,-2.7055150884495225,0.961
11,SH.560980,光伏30ETF,2022-12-14 00:00:00,0.943,0.928,0.943,0.923,0.0,0.0,4758900,4424079.0,-0.7486631016042786,0.935
12,SH.560980,光伏30ETF,2022-12-15 00:00:00,0.932,0.937,0.941,0.922,0.0,0.0,4763900,4448837.0,0.9698275862068975,0.928
13,SH.560980,光伏30ETF,2022-12-16 00:00:00,0.934,0.918,0.934,0.913,0.0,0.0,4914700,4512469.0,-2.027748132337248,0.937
14,SH.560980,光伏30ETF,2022-12-19 00:00:00,0.918,0.912,0.933,0.911,0.0,0.0,3306200,3045607.0,-0.6535947712418306,0.918
15,SH.560980,光伏30ETF,2022-12-20 00:00:00,0.911,0.918,0.92,0.905,0.0,0.0,3865100,3526003.0,0.6578947368421059,0.912
16,SH.560980,光伏30ETF,2022-12-21 00:00:00,0.918,0.894,0.918,0.89,0.0,0.0,3101700,2798433.0,-2.6143790849673225,0.918
17,SH.560980,光伏30ETF,2022-12-22 00:00:00,0.896,0.866,0.905,0.862,0.0,0.0,6899400,6053091.0,-3.1319910514541416,0.894
18,SH.560980,光伏30ETF,2022-12-23 00:00:00,0.864,0.851,0.867,0.843,0.0,0.0,9169500,7829322.0,-1.732101616628177,0.866
19,SH.560980,光伏30ETF,2022-12-26 00:00:00,0.85,0.904,0.906,0.85,0.0,0.0,15748200,13836781.0,6.2279670975323205,0.851
20,SH.560980,光伏30ETF,2022-12-27 00:00:00,0.906,0.926,0.929,0.903,0.0,0.0,7336800,6729739.0,2.433628318584073,0.904
21,SH.560980,光伏30ETF,2022-12-28 00:00:00,0.925,0.93,0.938,0.915,0.0,0.0,8146700,7561745.0,0.4319654427645792,0.926
22,SH.560980,光伏30ETF,2022-12-29 00:00:00,0.93,0.925,0.936,0.922,0.0,0.0,5527800,5129361.0,-0.5376344086021511,0.93
23,SH.560980,光伏30ETF,2022-12-30 00:00:00,0.924,0.932,0.941,0.924,0.0,0.0,3122200,2917581.0,0.7567567567567574,0.925
24,SH.560980,光伏30ETF,2023-01-03 00:00:00,0.93,0.941,0.944,0.912,0.0,0.0,4934300,4582172.0,0.9656652360514909,0.932
25,SH.560980,光伏30ETF,2023-01-04 00:00:00,0.938,0.918,0.938,0.912,0.0,0.0,4002800,3689140.0,-2.444208289054188,0.941
26,SH.560980,光伏30ETF,2023-01-05 00:00:00,0.927,0.931,0.939,0.917,0.0,0.0,5204000,4842831.0,1.4161220043572997,0.918
27,SH.560980,光伏30ETF,2023-01-06 00:00:00,0.936,0.976,0.99,0.936,0.0,0.0,19118748,18714531.0,4.833512352309337,0.931
28,SH.560980,光伏30ETF,2023-01-09 00:00:00,0.976,0.976,0.992,0.967,0.0,0.0,6473300,6340906.0,0.0,0.976
29,SH.560980,光伏30ETF,2023-01-10 00:00:00,0.976,0.98,0.993,0.976,0.0,0.0,5258800,5181000.0,0.40983606557377084,0.976
30,SH.560980,光伏30ETF,2023-01-11 00:00:00,0.98,0.969,0.985,0.969,0.0,0.0,2838400,2761264.0,-1.1224489795918378,0.98
31,SH.560980,光伏30ETF,2023-01-12 00:00:00,0.97,0.972,0.984,0.97,0.0,0.0,7310100,7136798.0,0.30959752321981454,0.969
32,SH.560980,光伏30ETF,2023-01-13 00:00:00,0.973,0.97,0.981,0.962,0.0,0.0,6207100,5997762.0,-0.20576131687242818,0.972
33,SH.560980,光伏30ETF,2023-01-16 00:00:00,0.976,0.981,0.996,0.964,0.0,0.0,5140000,5041113.0,1.134020618556702,0.97
34,SH.560980,光伏30ETF,2023-01-17 00:00:00,0.981,0.984,0.991,0.974,0.0,0.0,5568500,5482617.0,0.3058103975535171,0.981
35,SH.560980,光伏30ETF,2023-01-18 00:00:00,0.987,0.988,0.996,0.983,0.0,0.0,10670500,10570105.0,0.4065040650406508,0.984
36,SH.560980,光伏30ETF,2023-01-19 00:00:00,0.982,0.987,0.987,0.978,0.0,0.0,5658700,5566875.0,-0.10121457489878552,0.988
37,SH.560980,光伏30ETF,2023-01-20 00:00:00,0.987,1.01,1.011,0.987,0.0,0.0,19927300,20025342.0,2.330293819655524,0.987
38,SH.560980,光伏30ETF,2023-01-30 00:00:00,1.012,1.016,1.034,1.012,0.0,0.0,20708400,21200292.0,0.5940594059405946,1.01
39,SH.560980,光伏30ETF,2023-01-31 00:00:00,1.016,1.026,1.032,1.014,0.0,0.0,26061500,26693371.0,0.9842519685039378,1.016
40,SH.560980,光伏30ETF,2023-02-01 00:00:00,1.022,1.021,1.03,1.004,0.0,0.0,8641900,8768791.0,-0.487329434697867,1.026
41,SH.560980,光伏30ETF,2023-02-02 00:00:00,1.021,1.012,1.022,1.008,0.0,0.0,7507300,7626084.0,-0.8814887365328009,1.021
42,SH.560980,光伏30ETF,2023-02-03 00:00:00,1.012,0.995,1.016,0.981,0.0,0.0,9578400,9486038.0,-1.679841897233203,1.012
43,SH.560980,光伏30ETF,2023-02-06 00:00:00,0.993,0.99,0.994,0.983,0.0,0.0,5650400,5577819.0,-0.5025125628140708,0.995
44,SH.560980,光伏30ETF,2023-02-07 00:00:00,0.99,0.987,0.998,0.981,0.0,0.0,8505200,8385747.0,-0.3030303030303033,0.99
45,SH.560980,光伏30ETF,2023-02-08 00:00:00,0.99,0.983,0.994,0.981,0.0,0.0,7805400,7692023.0,-0.4052684903748737,0.987
46,SH.560980,光伏30ETF,2023-02-09 00:00:00,0.983,0.994,0.998,0.974,0.0,0.0,7858252,7771819.0,1.1190233977619541,0.983
47,SH.560980,光伏30ETF,2023-02-10 00:00:00,0.985,0.98,0.988,0.975,0.0,0.0,8856400,8684965.0,-1.4084507042253533,0.994
48,SH.560980,光伏30ETF,2023-02-13 00:00:00,0.976,0.98,0.986,0.976,0.0,0.0,8972100,8778429.0,0.0,0.98
49,SH.560980,光伏30ETF,2023-02-14 00:00:00,0.98,0.981,0.985,0.972,0.0,0.0,8028800,7838430.0,0.10204081632653071,0.98
50,SH.560980,光伏30ETF,2023-02-15 00:00:00,0.982,0.975,0.99,0.971,0.0,0.0,9112300,8891579.0,-0.6116207951070342,0.981
51,SH.560980,光伏30ETF,2023-02-16 00:00:00,0.971,0.958,0.98,0.95,0.0,0.0,11321700,10969565.0,-1.7435897435897452,0.975
52,SH.560980,光伏30ETF,2023-02-17 00:00:00,0.957,0.935,0.959,0.934,0.0,0.0,13801000,13046285.0,-2.400835073068884,0.958
53,SH.560980,光伏30ETF,2023-02-20 00:00:00,0.948,0.959,0.959,0.93,0.0,0.0,15783700,14893483.0,2.5668449197860865,0.935
54,SH.560980,光伏30ETF,2023-02-21 00:00:00,0.959,0.972,0.978,0.955,0.0,0.0,18122200,17517446.0,1.3555787278415028,0.959
55,SH.560980,光伏30ETF,2023-02-22 00:00:00,0.969,0.965,0.98,0.962,0.0,0.0,16679100,16156022.0,-0.7201646090534986,0.972
56,SH.560980,光伏30ETF,2023-02-23 00:00:00,0.973,0.99,0.993,0.965,0.0,0.0,24941800,24510433.0,2.5906735751295358,0.965
57,SH.560980,光伏30ETF,2023-02-24 00:00:00,0.996,0.974,0.996,0.972,0.0,0.0,17391700,16977589.0,-1.6161616161616175,0.99
58,SH.560980,光伏30ETF,2023-02-27 00:00:00,0.974,0.975,0.994,0.964,0.0,0.0,19264000,18869737.0,0.10266940451745389,0.974
59,SH.560980,光伏30ETF,2023-02-28 00:00:00,0.976,0.98,0.98,0.966,0.0,0.0,18128600,17587423.0,0.5128205128205132,0.975
60,SH.560980,光伏30ETF,2023-03-01 00:00:00,0.978,0.97,0.978,0.964,0.0,0.0,25190500,24369287.0,-1.020408163265307,0.98
61,SH.560980,光伏30ETF,2023-03-02 00:00:00,0.972,0.954,0.973,0.95,0.0,0.0,21721200,20789155.0,-1.6494845360824757,0.97
62,SH.560980,光伏30ETF,2023-03-03 00:00:00,0.954,0.957,0.961,0.95,0.0,0.0,19797700,18886209.0,0.3144654088050317,0.954
63,SH.560980,光伏30ETF,2023-03-06 00:00:00,0.957,0.989,0.992,0.947,0.0,0.0,31677200,30819418.0,3.3437826541274847,0.957
64,SH.560980,光伏30ETF,2023-03-07 00:00:00,0.989,0.981,0.992,0.978,0.0,0.0,21970900,21632113.0,-0.8088978766430746,0.989
65,SH.560980,光伏30ETF,2023-03-08 00:00:00,0.981,0.969,0.995,0.965,0.0,0.0,21398600,20860962.0,-1.2232415902140683,0.981
66,SH.560980,光伏30ETF,2023-03-09 00:00:00,0.968,0.963,0.975,0.962,0.0,0.0,22560400,21804194.0,-0.6191950464396291,0.969
67,SH.560980,光伏30ETF,2023-03-10 00:00:00,0.958,0.954,0.961,0.945,0.0,0.0,20927500,19925644.0,-0.9345794392523372,0.963
68,SH.560980,光伏30ETF,2023-03-13 00:00:00,0.954,0.953,0.965,0.949,0.0,0.0,21755300,20828909.0,-0.10482180293501057,0.954
69,SH.560980,光伏30ETF,2023-03-14 00:00:00,0.95,0.936,0.951,0.916,0.0,0.0,23370700,21816263.0,-1.7838405036726026,0.953
70,SH.560980,光伏30ETF,2023-03-15 00:00:00,0.936,0.932,0.952,0.929,0.0,0.0,21664200,20322928.0,-0.4273504273504277,0.936
71,SH.560980,光伏30ETF,2023-03-16 00:00:00,0.923,0.889,0.924,0.885,0.0,0.0,25575100,23207597.0,-4.613733905579402,0.932
72,SH.560980,光伏30ETF,2023-03-17 00:00:00,0.895,0.883,0.897,0.878,0.0,0.0,22006400,19484181.0,-0.6749156355455574,0.889
73,SH.560980,光伏30ETF,2023-03-20 00:00:00,0.887,0.891,0.9,0.866,0.0,0.0,24420500,21592099.0,0.9060022650056633,0.883
74,SH.560980,光伏30ETF,2023-03-21 00:00:00,0.889,0.896,0.896,0.879,0.0,0.0,24281600,21534825.0,0.5611672278338949,0.891
75,SH.560980,光伏30ETF,2023-03-22 00:00:00,0.9,0.893,0.908,0.889,0.0,0.0,21750500,19527594.0,-0.3348214285714289,0.896
76,SH.560980,光伏30ETF,2023-03-23 00:00:00,0.895,0.887,0.895,0.883,0.0,0.0,20736000,18382266.0,-0.6718924972004485,0.893
77,SH.560980,光伏30ETF,2023-03-24 00:00:00,0.887,0.896,0.903,0.876,0.0,0.0,22832500,20322362.0,1.0146561443066524,0.887
78,SH.560980,光伏30ETF,2023-03-27 00:00:00,0.892,0.915,0.918,0.889,0.0,0.0,22984500,20866886.0,2.120535714285716,0.896
79,SH.560980,光伏30ETF,2023-03-28 00:00:00,0.91,0.903,0.916,0.901,0.0,0.0,17320300,15719663.0,-1.3114754098360666,0.915
80,SH.560980,光伏30ETF,2023-03-29 00:00:00,0.911,0.905,0.917,0.9,0.0,0.0,22753800,20643219.0,0.22148394241417518,0.903
81,SH.560980,光伏30ETF,2023-03-30 00:00:00,0.905,0.916,0.917,0.896,0.0,0.0,25706900,23362842.0,1.2154696132596696,0.905
82,SH.560980,光伏30ETF,2023-03-31 00:00:00,0.916,0.914,0.93,0.913,0.0,0.0,23106300,21269558.0,-0.218340611353712,0.916
83,SH.560980,光伏30ETF,2023-04-03 00:00:00,0.915,0.924,0.932,0.91,0.0,0.0,25760300,23746453.0,1.0940919037199135,0.914
84,SH.560980,光伏30ETF,2023-04-04 00:00:00,0.924,0.904,0.924,0.894,0.0,0.0,25728200,23291273.0,-2.1645021645021667,0.924
85,SH.560980,光伏30ETF,2023-04-06 00:00:00,0.904,0.911,0.915,0.898,0.0,0.0,23401800,21189599.0,0.7743362831858414,0.904
86,SH.560980,光伏30ETF,2023-04-07 00:00:00,0.91,0.908,0.918,0.906,0.0,0.0,18126100,16524709.0,-0.3293084522502747,0.911
87,SH.560980,光伏30ETF,2023-04-10 00:00:00,0.914,0.927,0.928,0.907,0.0,0.0,28526300,26123436.0,2.092511013215861,0.908
88,SH.560980,光伏30ETF,2023-04-11 00:00:00,0.927,0.922,0.932,0.912,0.0,0.0,22658400,20818492.0,-0.5393743257820932,0.927
89,SH.560980,光伏30ETF,2023-04-12 00:00:00,0.917,0.901,0.923,0.898,0.0,0.0,24177300,21881948.0,-2.2776572668112816,0.922
90,SH.560980,光伏30ETF,2023-04-13 00:00:00,0.906,0.898,0.911,0.895,0.0,0.0,21124900,19011938.0,-0.3329633740288571,0.901
91,SH.560980,光伏30ETF,2023-04-14 00:00:00,0.898,0.9,0.906,0.885,0.0,0.0,21729400,19500684.0,0.22271714922049018,0.898
92,SH.560980,光伏30ETF,2023-04-17 00:00:00,0.9,0.905,0.914,0.9,0.0,0.0,24286600,21976709.0,0.555555555555556,0.9
93,SH.560980,光伏30ETF,2023-04-18 00:00:00,0.905,0.923,0.924,0.904,0.0,0.0,31360700,28806657.0,1.9889502762430955,0.905
94,SH.560980,光伏30ETF,2023-04-19 00:00:00,0.921,0.906,0.921,0.904,0.0,0.0,23028400,20889393.0,-1.8418201516793082,0.923
95,SH.560980,光伏30ETF,2023-04-20 00:00:00,0.896,0.888,0.903,0.883,0.0,0.0,23537400,20947045.0,-1.986754966887419,0.906
96,SH.560980,光伏30ETF,2023-04-21 00:00:00,0.885,0.882,0.902,0.88,0.0,0.0,25012100,22258939.0,-0.6756756756756762,0.888
97,SH.560980,光伏30ETF,2023-04-24 00:00:00,0.882,0.858,0.882,0.849,0.0,0.0,23490300,20219356.0,-2.721088435374152,0.882
98,SH.560980,光伏30ETF,2023-04-25 00:00:00,0.859,0.835,0.871,0.832,0.0,0.0,23194900,19615518.0,-2.6806526806526834,0.858
99,SH.560980,光伏30ETF,2023-04-26 00:00:00,0.833,0.891,0.906,0.824,0.0,0.0,57540300,50815430.0,6.706586826347312,0.835
100,SH.560980,光伏30ETF,2023-04-27 00:00:00,0.89,0.878,0.89,0.868,0.0,0.0,31122800,27300464.0,-1.459034792368127,0.891
101,SH.560980,光伏30ETF,2023-04-28 00:00:00,0.878,0.869,0.884,0.86,0.0,0.0,34335800,29740796.0,-1.0250569476082014,0.878
102,SH.560980,光伏30ETF,2023-05-04 00:00:00,0.866,0.866,0.885,0.858,0.0,0.0,28294400,24638922.0,-0.3452243958573076,0.869
103,SH.560980,光伏30ETF,2023-05-05 00:00:00,0.866,0.846,0.866,0.835,0.0,0.0,23280100,19676383.0,-2.3094688221709028,0.866
104,SH.560980,光伏30ETF,2023-05-08 00:00:00,0.849,0.854,0.86,0.838,0.0,0.0,18039300,15328232.0,0.945626477541372,0.846
105,SH.560980,光伏30ETF,2023-05-09 00:00:00,0.854,0.839,0.855,0.836,0.0,0.0,22833200,19240417.0,-1.7564402810304465,0.854
106,SH.560980,光伏30ETF,2023-05-10 00:00:00,0.835,0.844,0.852,0.826,0.0,0.0,24252200,20266895.0,0.5959475566150184,0.839
107,SH.560980,光伏30ETF,2023-05-11 00:00:00,0.843,0.845,0.861,0.839,0.0,0.0,26598800,22547292.0,0.118483412322275,0.844
108,SH.560980,光伏30ETF,2023-05-12 00:00:00,0.844,0.827,0.845,0.826,0.0,0.0,27453900,22908152.0,-2.1301775147929014,0.845
109,SH.560980,光伏30ETF,2023-05-15 00:00:00,0.827,0.86,0.862,0.827,0.0,0.0,33716300,28634161.0,3.9903264812575614,0.827
110,SH.560980,光伏30ETF,2023-05-16 00:00:00,0.859,0.859,0.875,0.853,0.0,0.0,26936100,23255005.0,-0.11627906976744197,0.86
111,SH.560980,光伏30ETF,2023-05-17 00:00:00,0.863,0.862,0.869,0.853,0.0,0.0,26355900,22646666.0,0.34924330616996535,0.859
112,SH.560980,光伏30ETF,2023-05-18 00:00:00,0.862,0.848,0.863,0.843,0.0,0.0,31301800,26657586.0,-1.624129930394433,0.862
113,SH.560980,光伏30ETF,2023-05-19 00:00:00,0.851,0.846,0.851,0.839,0.0,0.0,20871800,17627196.0,-0.23584905660377378,0.848
114,SH.560980,光伏30ETF,2023-05-22 00:00:00,0.847,0.85,0.855,0.841,0.0,0.0,22411500,19019688.0,0.472813238770686,0.846
115,SH.560980,光伏30ETF,2023-05-23 00:00:00,0.851,0.848,0.863,0.844,0.0,0.0,24998000,21282931.0,-0.23529411764705901,0.85
116,SH.560980,光伏30ETF,2023-05-24 00:00:00,0.848,0.863,0.874,0.843,0.0,0.0,31314600,26909833.0,1.7688679245283037,0.848
117,SH.560980,光伏30ETF,2023-05-25 00:00:00,0.863,0.876,0.887,0.856,0.0,0.0,26584700,23303911.0,1.5063731170336052,0.863
118,SH.560980,光伏30ETF,2023-05-26 00:00:00,0.873,0.852,0.873,0.843,0.0,0.0,24952200,21249607.0,-2.7397260273972623,0.876
119,SH.560980,光伏30ETF,2023-05-29 00:00:00,0.848,0.827,0.85,0.823,0.0,0.0,29790000,24684354.0,-2.934272300469486,0.852
120,SH.560980,光伏30ETF,2023-05-30 00:00:00,0.824,0.818,0.834,0.809,0.0,0.0,32936400,26921949.0,-1.0882708585247896,0.827
121,SH.560980,光伏30ETF,2023-05-31 00:00:00,0.818,0.807,0.819,0.804,0.0,0.0,27358600,22101135.0,-1.3447432762836062,0.818
122,SH.560980,光伏30ETF,2023-06-01 00:00:00,0.806,0.801,0.815,0.797,0.0,0.0,30890700,24800922.0,-0.7434944237918222,0.807
123,SH.560980,光伏30ETF,2023-06-02 00:00:00,0.803,0.807,0.81,0.797,0.0,0.0,26834900,21610033.0,0.7490636704119856,0.801
124,SH.560980,光伏30ETF,2023-06-05 00:00:00,0.81,0.788,0.81,0.785,0.0,0.0,20697400,16363818.0,-2.3543990086741036,0.807
125,SH.560980,光伏30ETF,2023-06-06 00:00:00,0.788,0.782,0.788,0.771,0.0,0.0,29905600,23276052.0,-0.7614213197969549,0.788
126,SH.560980,光伏30ETF,2023-06-07 00:00:00,0.781,0.768,0.781,0.763,0.0,0.0,24444900,18817525.0,-1.7902813299232754,0.782
127,SH.560980,光伏30ETF,2023-06-08 00:00:00,0.767,0.771,0.781,0.767,0.0,0.0,33041000,25550462.0,0.39062500000000033,0.768
128,SH.560980,光伏30ETF,2023-06-09 00:00:00,0.769,0.778,0.778,0.762,0.0,0.0,30528900,23440945.0,0.9079118028534379,0.771
129,SH.560980,光伏30ETF,2023-06-12 00:00:00,0.777,0.788,0.791,0.767,0.0,0.0,37078900,29097503.0,1.2853470437018006,0.778
130,SH.560980,光伏30ETF,2023-06-13 00:00:00,0.782,0.784,0.792,0.779,0.0,0.0,30722500,24058185.0,-0.50761421319797,0.788
131,SH.560980,光伏30ETF,2023-06-14 00:00:00,0.784,0.775,0.788,0.774,0.0,0.0,24813800,19385631.0,-1.1479591836734704,0.784
132,SH.560980,光伏30ETF,2023-06-15 00:00:00,0.775,0.821,0.823,0.771,0.0,0.0,48799000,39260571.0,5.935483870967732,0.775
133,SH.560980,光伏30ETF,2023-06-16 00:00:00,0.823,0.834,0.837,0.819,0.0,0.0,34250900,28409075.0,1.583434835566384,0.821
134,SH.560980,光伏30ETF,2023-06-19 00:00:00,0.834,0.832,0.837,0.823,0.0,0.0,23811100,19767895.0,-0.23980815347721846,0.834
135,SH.560980,光伏30ETF,2023-06-20 00:00:00,0.831,0.835,0.842,0.826,0.0,0.0,26936400,22451640.0,0.3605769230769234,0.832
136,SH.560980,光伏30ETF,2023-06-21 00:00:00,0.833,0.826,0.848,0.825,0.0,0.0,26642100,22220653.0,-1.0778443113772467,0.835
137,SH.560980,光伏30ETF,2023-06-26 00:00:00,0.811,0.832,0.846,0.811,0.0,0.0,30477400,25157561.0,0.7263922518159813,0.826
138,SH.560980,光伏30ETF,2023-06-27 00:00:00,0.832,0.839,0.856,0.832,0.0,0.0,30019400,25249750.0,0.8413461538461546,0.832
139,SH.560980,光伏30ETF,2023-06-28 00:00:00,0.839,0.845,0.85,0.834,0.0,0.0,23431900,19719308.0,0.7151370679380221,0.839
140,SH.560980,光伏30ETF,2023-06-29 00:00:00,0.845,0.842,0.861,0.84,0.0,0.0,26247900,22302911.0,-0.3550295857988169,0.845
141,SH.560980,光伏30ETF,2023-06-30 00:00:00,0.842,0.851,0.857,0.833,0.0,0.0,27605600,23380564.0,1.0688836104513073,0.842
142,SH.560980,光伏30ETF,2023-07-03 00:00:00,0.851,0.851,0.864,0.849,0.0,0.0,26841200,22923954.0,0.0,0.851
143,SH.560980,光伏30ETF,2023-07-04 00:00:00,0.849,0.84,0.855,0.836,0.0,0.0,23143200,19470631.0,-1.292596944770859,0.851
144,SH.560980,光伏30ETF,2023-07-05 00:00:00,0.839,0.827,0.842,0.825,0.0,0.0,24643300,20454369.0,-1.547619047619049,0.84
145,SH.560980,光伏30ETF,2023-07-06 00:00:00,0.822,0.823,0.828,0.816,0.0,0.0,27796800,22845915.0,-0.4836759371221287,0.827
146,SH.560980,光伏30ETF,2023-07-07 00:00:00,0.822,0.808,0.822,0.805,0.0,0.0,27216100,22081622.0,-1.8226002430133539,0.823
147,SH.560980,光伏30ETF,2023-07-10 00:00:00,0.808,0.836,0.843,0.805,0.0,0.0,34169100,28239632.0,3.4653465346534547,0.808
148,SH.560980,光伏30ETF,2023-07-11 00:00:00,0.836,0.827,0.838,0.82,0.0,0.0,24138400,19940290.0,-1.0765550239234458,0.836
149,SH.560980,光伏30ETF,2023-07-12 00:00:00,0.824,0.839,0.848,0.812,0.0,0.0,38173800,31809479.0,1.451027811366386,0.827
150,SH.560980,光伏30ETF,2023-07-13 00:00:00,0.838,0.843,0.856,0.83,0.0,0.0,36312500,30575157.0,0.4767580452920147,0.839
151,SH.560980,光伏30ETF,2023-07-14 00:00:00,0.84,0.825,0.841,0.822,0.0,0.0,32595200,27037984.0,-2.1352313167259807,0.843
152,SH.560980,光伏30ETF,2023-07-17 00:00:00,0.821,0.82,0.829,0.816,0.0,0.0,29285000,24043654.0,-0.6060606060606066,0.825
153,SH.560980,光伏30ETF,2023-07-18 00:00:00,0.82,0.814,0.821,0.807,0.0,0.0,30200900,24464910.0,-0.7317073170731715,0.82
154,SH.560980,光伏30ETF,2023-07-19 00:00:00,0.815,0.802,0.815,0.797,0.0,0.0,30455400,24454929.0,-1.474201474201462,0.814
155,SH.560980,光伏30ETF,2023-07-20 00:00:00,0.803,0.798,0.809,0.796,0.0,0.0,34348300,27552148.0,-0.49875311720698295,0.802
156,SH.560980,光伏30ETF,2023-07-21 00:00:00,0.798,0.788,0.798,0.784,0.0,0.0,27135900,21400133.0,-1.2531328320802015,0.798
157,SH.560980,光伏30ETF,2023-07-24 00:00:00,0.786,0.779,0.79,0.777,0.0,0.0,27122200,21183581.0,-1.1421319796954326,0.788
158,SH.560980,光伏30ETF,2023-07-25 00:00:00,0.784,0.793,0.796,0.783,0.0,0.0,27711100,21923181.0,1.7971758664955084,0.779
159,SH.560980,光伏30ETF,2023-07-26 00:00:00,0.795,0.797,0.804,0.79,0.0,0.0,29309300,23386177.0,0.504413619167718,0.793
160,SH.560980,光伏30ETF,2023-07-27 00:00:00,0.796,0.785,0.8,0.783,0.0,0.0,31463200,24833284.0,-1.5056461731493112,0.797
161,SH.560980,光伏30ETF,2023-07-28 00:00:00,0.781,0.794,0.796,0.777,0.0,0.0,27396900,21635045.0,1.146496815286625,0.785
162,SH.560980,光伏30ETF,2023-07-31 00:00:00,0.798,0.8,0.809,0.796,0.0,0.0,30390900,24375407.0,0.7556675062972299,0.794
163,SH.560980,光伏30ETF,2023-08-01 00:00:00,0.8,0.786,0.8,0.78,0.0,0.0,45532400,35821726.0,-1.7500000000000016,0.8
164,SH.560980,光伏30ETF,2023-08-02 00:00:00,0.786,0.78,0.789,0.778,0.0,0.0,39124300,30606510.0,-0.7633587786259549,0.786
165,SH.560980,光伏30ETF,2023-08-03 00:00:00,0.784,0.798,0.803,0.784,0.0,0.0,43768400,34809373.0,2.3076923076923097,0.78
166,SH.560980,光伏30ETF,2023-08-04 00:00:00,0.798,0.804,0.808,0.794,0.0,0.0,33966600,27255182.0,0.7518796992481209,0.798
167,SH.560980,光伏30ETF,2023-08-07 00:00:00,0.806,0.795,0.806,0.793,0.0,0.0,24014600,19095109.0,-1.1194029850746279,0.804
168,SH.560980,光伏30ETF,2023-08-08 00:00:00,0.798,0.79,0.805,0.788,0.0,0.0,28264500,22389827.0,-0.6289308176100634,0.795
169,SH.560980,光伏30ETF,2023-08-09 00:00:00,0.788,0.787,0.792,0.784,0.0,0.0,29998700,23643086.0,-0.37974683544303833,0.79
170,SH.560980,光伏30ETF,2023-08-10 00:00:00,0.789,0.8,0.803,0.789,0.0,0.0,37927800,30256597.0,1.65184243964422,0.787
171,SH.560980,光伏30ETF,2023-08-11 00:00:00,0.797,0.781,0.799,0.781,0.0,0.0,35899700,28317323.0,-2.375000000000002,0.8
172,SH.560980,光伏30ETF,2023-08-14 00:00:00,0.78,0.776,0.78,0.764,0.0,0.0,33456800,25757526.0,-0.6402048655569789,0.781
173,SH.560980,光伏30ETF,2023-08-15 00:00:00,0.775,0.755,0.776,0.749,0.0,0.0,40063400,30387539.0,-2.7061855670103117,0.776
174,SH.560980,光伏30ETF,2023-08-16 00:00:00,0.75,0.739,0.759,0.739,0.0,0.0,39637000,29617875.0,-2.119205298013247,0.755
175,SH.560980,光伏30ETF,2023-08-17 00:00:00,0.736,0.74,0.743,0.731,0.0,0.0,34021700,25074023.0,0.13531799729364016,0.739
176,SH.560980,光伏30ETF,2023-08-18 00:00:00,0.741,0.738,0.753,0.737,0.0,0.0,35852000,26702020.0,-0.2702702702702705,0.74
177,SH.560980,光伏30ETF,2023-08-21 00:00:00,0.732,0.716,0.734,0.714,0.0,0.0,34439700,24866866.0,-2.981029810298106,0.738
178,SH.560980,光伏30ETF,2023-08-22 00:00:00,0.717,0.706,0.721,0.689,0.0,0.0,42533400,29811355.0,-1.3966480446927387,0.716
179,SH.560980,光伏30ETF,2023-08-23 00:00:00,0.703,0.681,0.703,0.68,0.0,0.0,40947000,28319693.3,-3.5410764872521123,0.706
180,SH.560980,光伏30ETF,2023-08-24 00:00:00,0.684,0.703,0.711,0.684,0.0,0.0,46401200,32434271.0,3.2305433186490315,0.681
181,SH.560980,光伏30ETF,2023-08-25 00:00:00,0.698,0.698,0.707,0.692,0.0,0.0,36018000,25154691.0,-0.7112375533428172,0.703
182,SH.560980,光伏30ETF,2023-08-28 00:00:00,0.728,0.709,0.741,0.705,0.0,0.0,39892600,28705908.0,1.5759312320916918,0.698
183,SH.560980,光伏30ETF,2023-08-29 00:00:00,0.709,0.725,0.725,0.706,0.0,0.0,40589600,29220440.0,2.256699576868831,0.709
184,SH.560980,光伏30ETF,2023-08-30 00:00:00,0.726,0.725,0.734,0.721,0.0,0.0,30916100,22452344.0,0.0,0.725
185,SH.560980,光伏30ETF,2023-08-31 00:00:00,0.728,0.715,0.728,0.713,0.0,0.0,34599600,24790819.0,-1.3793103448275874,0.725
186,SH.560980,光伏30ETF,2023-09-01 00:00:00,0.715,0.714,0.718,0.71,0.0,0.0,26917700,19195668.0,-0.13986013986013998,0.715
187,SH.560980,光伏30ETF,2023-09-04 00:00:00,0.714,0.716,0.72,0.704,0.0,0.0,33765500,24072805.0,0.28011204481792745,0.714
188,SH.560980,光伏30ETF,2023-09-05 00:00:00,0.716,0.724,0.73,0.707,0.0,0.0,42112800,30193780.0,1.117318435754191,0.716
189,SH.560980,光伏30ETF,2023-09-06 00:00:00,0.726,0.715,0.726,0.709,0.0,0.0,29443100,20996064.0,-1.2430939226519349,0.724
190,SH.560980,光伏30ETF,2023-09-07 00:00:00,0.71,0.696,0.711,0.692,0.0,0.0,36975400,25883460.0,-2.6573426573426597,0.715
191,SH.560980,光伏30ETF,2023-09-08 00:00:00,0.691,0.681,0.696,0.678,0.0,0.0,32267500,22025812.0,-2.15517241379309,0.696
192,SH.560980,光伏30ETF,2023-09-11 00:00:00,0.684,0.688,0.693,0.676,0.0,0.0,34476700,23655092.0,1.0279001468428628,0.681
193,SH.560980,光伏30ETF,2023-09-12 00:00:00,0.685,0.687,0.693,0.682,0.0,0.0,36755200,25258441.0,-0.14534883720928632,0.688
194,SH.560980,光伏30ETF,2023-09-13 00:00:00,0.688,0.679,0.69,0.676,0.0,0.0,28254800,19283658.0,-1.1644832605531306,0.687
195,SH.560980,光伏30ETF,2023-09-14 00:00:00,0.678,0.672,0.679,0.669,0.0,0.0,38613000,26018546.0,-1.0309278350515472,0.679
196,SH.560980,光伏30ETF,2023-09-15 00:00:00,0.674,0.667,0.677,0.665,0.0,0.0,37415200,25067117.0,-0.7440476190476197,0.672
197,SH.560980,光伏30ETF,2023-09-18 00:00:00,0.669,0.671,0.678,0.661,0.0,0.0,32917900,22053536.0,0.599700149925038,0.667
198,SH.560980,光伏30ETF,2023-09-19 00:00:00,0.673,0.661,0.673,0.659,0.0,0.0,36193900,23953997.0,-1.490312965722803,0.671
199,SH.560980,光伏30ETF,2023-09-20 00:00:00,0.661,0.655,0.661,0.653,0.0,0.0,31553900,20698547.0,-0.9077155824508328,0.661
0,SH.560980,光伏30ETF,2023-09-21 00:00:00,0.654,0.648,0.655,0.647,0.0,0.0,35114100,22830049.0,-1.0687022900763368,0.655
1,SH.560980,光伏30ETF,2023-09-22 00:00:00,0.647,0.659,0.659,0.645,0.0,0.0,31408600,20514063.0,1.6975308641975322,0.648
2,SH.560980,光伏30ETF,2023-09-25 00:00:00,0.659,0.661,0.664,0.65,0.0,0.0,34951900,22923769.0,0.30349013657056173,0.659
3,SH.560980,光伏30ETF,2023-09-26 00:00:00,0.66,0.657,0.665,0.657,0.0,0.0,32604200,21512670.0,-0.6051437216338886,0.661
4,SH.560980,光伏30ETF,2023-09-27 00:00:00,0.659,0.685,0.689,0.659,0.0,0.0,44408900,30158541.0,4.261796042617965,0.657
5,SH.560980,光伏30ETF,2023-09-28 00:00:00,0.682,0.682,0.688,0.678,0.0,0.0,30383000,20729843.0,-0.43795620437956245,0.685
6,SH.560980,光伏30ETF,2023-10-09 00:00:00,0.682,0.679,0.682,0.672,0.0,0.0,30498100,20655679.0,-0.43988269794721446,0.682
7,SH.560980,光伏30ETF,2023-10-10 00:00:00,0.675,0.667,0.679,0.667,0.0,0.0,24317200,16351114.0,-1.7673048600883665,0.679
8,SH.560980,光伏30ETF,2023-10-11 00:00:00,0.668,0.669,0.682,0.665,0.0,0.0,31081600,20937434.0,0.299850074962519,0.667
9,SH.560980,光伏30ETF,2023-10-12 00:00:00,0.671,0.677,0.681,0.666,0.0,0.0,31686500,21339110.0,1.1958146487294479,0.669
10,SH.560980,光伏30ETF,2023-10-13 00:00:00,0.675,0.663,0.675,0.657,0.0,0.0,28043900,18564984.0,-2.0679468242245216,0.677
11,SH.560980,光伏30ETF,2023-10-16 00:00:00,0.663,0.648,0.665,0.646,0.0,0.0,35387300,23098631.0,-2.2624434389140293,0.663
12,SH.560980,光伏30ETF,2023-10-17 00:00:00,0.648,0.65,0.654,0.644,0.0,0.0,26718000,17353935.0,0.30864197530864224,0.648
13,SH.560980,光伏30ETF,2023-10-18 00:00:00,0.648,0.638,0.648,0.637,0.0,0.0,31625300,20294665.0,-1.8461538461538478,0.65
14,SH.560980,光伏30ETF,2023-10-19 00:00:00,0.638,0.633,0.641,0.63,0.0,0.0,28386100,18007735.0,-0.7836990595611292,0.638
15,SH.560980,光伏30ETF,2023-10-20 00:00:00,0.63,0.637,0.645,0.622,0.0,0.0,25330100,16154111.0,0.6319115323854665,0.633
16,SH.560980,光伏30ETF,2023-10-23 00:00:00,0.637,0.615,0.637,0.612,0.0,0.0,28061400,17394718.0,-3.4536891679748853,0.637
17,SH.560980,光伏30ETF,2023-10-24 00:00:00,0.615,0.62,0.622,0.612,0.0,0.0,26163700,16114996.0,0.8130081300813016,0.615
18,SH.560980,光伏30ETF,2023-10-25 00:00:00,0.625,0.615,0.629,0.613,0.0,0.0,25766800,15934846.0,-0.8064516129032264,0.62
19,SH.560980,光伏30ETF,2023-10-26 00:00:00,0.612,0.602,0.612,0.59,0.0,0.0,34440200,20466465.0,-2.1138211382113843,0.615
20,SH.560980,光伏30ETF,2023-10-27 00:00:00,0.594,0.623,0.626,0.594,0.0,0.0,36982300,22486418.0,3.4883720930232593,0.602
21,SH.560980,光伏30ETF,2023-10-30 00:00:00,0.616,0.627,0.63,0.616,0.0,0.0,28228400,17563351.0,0.6420545746388449,0.623
22,SH.560980,光伏30ETF,2023-10-31 00:00:00,0.622,0.615,0.625,0.611,0.0,0.0,18455200,11358112.0,-1.913875598086126,0.627
23,SH.560980,光伏30ETF,2023-11-01 00:00:00,0.616,0.606,0.617,0.603,0.0,0.0,23947600,14549536.0,-1.4634146341463428,0.615
24,SH.560980,光伏30ETF,2023-11-02 00:00:00,0.604,0.589,0.607,0.588,0.0,0.0,36347200,21678462.0,-2.805280528052808,0.606
25,SH.560980,光伏30ETF,2023-11-03 00:00:00,0.59,0.6,0.606,0.587,0.0,0.0,36594500,21969118.0,1.8675721561969456,0.589
26,SH.560980,光伏30ETF,2023-11-06 00:00:00,0.6,0.62,0.624,0.6,0.0,0.0,33560500,20761726.0,3.3333333333333366,0.6
27,SH.560980,光伏30ETF,2023-11-07 00:00:00,0.617,0.621,0.623,0.611,0.0,0.0,28771000,17766788.0,0.16129032258064532,0.62
28,SH.560980,光伏30ETF,2023-11-08 00:00:00,0.621,0.622,0.627,0.616,0.0,0.0,33720500,21018274.0,0.16103059581320467,0.621
29,SH.560980,光伏30ETF,2023-11-09 00:00:00,0.62,0.642,0.645,0.62,0.0,0.0,43270400,27580293.0,3.2154340836012887,0.622
30,SH.560980,光伏30ETF,2023-11-10 00:00:00,0.638,0.628,0.638,0.624,0.0,0.0,29295400,18396250.0,-2.1806853582554537,0.642
31,SH.560980,光伏30ETF,2023-11-13 00:00:00,0.63,0.632,0.635,0.626,0.0,0.0,24064200,15167479.0,0.6369426751592362,0.628
32,SH.560980,光伏30ETF,2023-11-14 00:00:00,0.633,0.629,0.639,0.625,0.0,0.0,28330800,17840292.0,-0.4746835443037979,0.632
33,SH.560980,光伏30ETF,2023-11-15 00:00:00,0.637,0.64,0.647,0.636,0.0,0.0,39970000,25645065.0,1.748807631160574,0.629
34,SH.560980,光伏30ETF,2023-11-16 00:00:00,0.64,0.622,0.64,0.621,0.0,0.0,36035700,22560004.0,-2.8125000000000027,0.64
35,SH.560980,光伏30ETF,2023-11-17 00:00:00,0.62,0.62,0.622,0.615,0.0,0.0,29926200,18500527.0,-0.3215434083601289,0.622
36,SH.560980,光伏30ETF,2023-11-20 00:00:00,0.62,0.621,0.624,0.612,0.0,0.0,33783900,20859916.0,0.16129032258064532,0.62
37,SH.560980,光伏30ETF,2023-11-21 00:00:00,0.622,0.615,0.625,0.615,0.0,0.0,26675200,16562219.0,-0.9661835748792279,0.621
38,SH.560980,光伏30ETF,2023-11-22 00:00:00,0.614,0.603,0.614,0.602,0.0,0.0,29609100,18015572.0,-1.9512195121951237,0.615
39,SH.560980,光伏30ETF,2023-11-23 00:00:00,0.602,0.605,0.607,0.6,0.0,0.0,27493800,16589220.0,0.3316749585406305,0.603
40,SH.560980,光伏30ETF,2023-11-24 00:00:00,0.602,0.595,0.602,0.594,0.0,0.0,23370400,13969990.0,-1.6528925619834725,0.605
41,SH.560980,光伏30ETF,2023-11-27 00:00:00,0.595,0.582,0.595,0.58,0.0,0.0,34498800,20129300.0,-2.184873949579834,0.595
42,SH.560980,光伏30ETF,2023-11-28 00:00:00,0.582,0.583,0.585,0.578,0.0,0.0,30105100,17491892.0,0.17182130584192457,0.582
43,SH.560980,光伏30ETF,2023-11-29 00:00:00,0.586,0.575,0.586,0.574,0.0,0.0,30162000,17381670.0,-1.3722126929674112,0.583
44,SH.560980,光伏30ETF,2023-11-30 00:00:00,0.576,0.572,0.579,0.568,0.0,0.0,28780000,16473746.0,-0.521739130434783,0.575
45,SH.560980,光伏30ETF,2023-12-01 00:00:00,0.572,0.567,0.572,0.561,0.0,0.0,31649000,17898211.0,-0.8741258741258751,0.572
46,SH.560980,光伏30ETF,2023-12-04 00:00:00,0.57,0.56,0.57,0.56,0.0,0.0,24763700,13977394.0,-1.2345679012345494,0.567
47,SH.560980,光伏30ETF,2023-12-05 00:00:00,0.559,0.549,0.565,0.548,0.0,0.0,27720200,15462212.0,-1.964285714285716,0.56
48,SH.560980,光伏30ETF,2023-12-06 00:00:00,0.549,0.555,0.561,0.546,0.0,0.0,32024300,17770383.0,1.0928961748633887,0.549
49,SH.560980,光伏30ETF,2023-12-07 00:00:00,0.553,0.548,0.554,0.543,0.0,0.0,33981500,18588683.0,-1.2612612612612621,0.555
50,SH.560980,光伏30ETF,2023-12-08 00:00:00,0.551,0.548,0.552,0.545,0.0,0.0,26577600,14580077.0,0.0,0.548
51,SH.560980,光伏30ETF,2023-12-11 00:00:00,0.546,0.549,0.551,0.535,0.0,0.0,28887900,15594764.0,0.18248175182481766,0.548
52,SH.560980,光伏30ETF,2023-12-12 00:00:00,0.55,0.546,0.552,0.543,0.0,0.0,26434600,14445074.0,-0.5464480874316944,0.549
53,SH.560980,光伏30ETF,2023-12-13 00:00:00,0.544,0.532,0.544,0.53,0.0,0.0,35166100,18842194.0,-2.564102564102566,0.546
54,SH.560980,光伏30ETF,2023-12-14 00:00:00,0.532,0.53,0.541,0.528,0.0,0.0,30534200,16289626.0,-0.37593984962406046,0.532
55,SH.560980,光伏30ETF,2023-12-15 00:00:00,0.531,0.535,0.545,0.531,0.0,0.0,30883600,16609182.0,0.9433962264150951,0.53
56,SH.560980,光伏30ETF,2023-12-18 00:00:00,0.532,0.522,0.535,0.52,0.0,0.0,26142900,13748400.0,-2.429906542056077,0.535
57,SH.560980,光伏30ETF,2023-12-19 00:00:00,0.52,0.528,0.535,0.519,0.0,0.0,32206600,16986404.0,1.1494252873563229,0.522
58,SH.560980,光伏30ETF,2023-12-20 00:00:00,0.53,0.523,0.532,0.523,0.0,0.0,23745600,12483609.0,-0.9469696969696977,0.528
59,SH.560980,光伏30ETF,2023-12-21 00:00:00,0.522,0.545,0.548,0.519,0.0,0.0,53792200,28919050.0,4.206500956022948,0.523
60,SH.560980,光伏30ETF,2023-12-22 00:00:00,0.543,0.552,0.56,0.534,0.0,0.0,46605700,25461109.0,1.2844036697247718,0.545
61,SH.560980,光伏30ETF,2023-12-25 00:00:00,0.551,0.553,0.557,0.547,0.0,0.0,27328200,15066280.0,0.18115942028985524,0.552
62,SH.560980,光伏30ETF,2023-12-26 00:00:00,0.551,0.551,0.555,0.546,0.0,0.0,29524700,16253144.0,-0.3616636528028936,0.553
63,SH.560980,光伏30ETF,2023-12-27 00:00:00,0.55,0.547,0.551,0.541,0.0,0.0,23558900,12838746.0,-0.7259528130671512,0.551
64,SH.560980,光伏30ETF,2023-12-28 00:00:00,0.544,0.602,0.602,0.543,0.0,0.0,138281800,81280497.0,10.05484460694697,0.547
65,SH.560980,光伏30ETF,2023-12-29 00:00:00,0.605,0.587,0.605,0.583,0.0,0.0,108015700,63699690.0,-2.4916943521594708,0.602
66,SH.560980,光伏30ETF,2024-01-02 00:00:00,0.582,0.577,0.585,0.575,0.0,0.0,56205900,32593780.0,-1.7035775127768331,0.587
67,SH.560980,光伏30ETF,2024-01-03 00:00:00,0.574,0.578,0.583,0.571,0.0,0.0,53578800,30859750.0,0.17331022530329307,0.577
68,SH.560980,光伏30ETF,2024-01-04 00:00:00,0.576,0.564,0.576,0.56,0.0,0.0,52501000,29711501.0,-2.4221453287197257,0.578
69,SH.560980,光伏30ETF,2024-01-05 00:00:00,0.564,0.554,0.573,0.55,0.0,0.0,54473400,30596277.0,-1.773049645390053,0.564
70,SH.560980,光伏30ETF,2024-01-08 00:00:00,0.548,0.552,0.563,0.548,0.0,0.0,50239800,27949382.0,-0.36101083032491,0.554
71,SH.560980,光伏30ETF,2024-01-09 00:00:00,0.551,0.564,0.579,0.542,0.0,0.0,77348100,43544630.0,2.1739130434782425,0.552
72,SH.560980,光伏30ETF,2024-01-10 00:00:00,0.558,0.575,0.586,0.556,0.0,0.0,90215300,51885445.0,1.9503546099290798,0.564
73,SH.560980,光伏30ETF,2024-01-11 00:00:00,0.571,0.583,0.584,0.568,0.0,0.0,75391400,43572031.0,1.3913043478260883,0.575
74,SH.560980,光伏30ETF,2024-01-12 00:00:00,0.578,0.583,0.598,0.575,0.0,0.0,80148000,47072750.0,0.0,0.583
75,SH.560980,光伏30ETF,2024-01-15 00:00:00,0.578,0.575,0.586,0.574,0.0,0.0,52134000,30175631.0,-1.3722126929674112,0.583
76,SH.560980,光伏30ETF,2024-01-16 00:00:00,0.576,0.589,0.59,0.569,0.0,0.0,73686300,42895319.0,2.4347826086956545,0.575
77,SH.560980,光伏30ETF,2024-01-17 00:00:00,0.588,0.568,0.589,0.567,0.0,0.0,61071400,35202916.0,-3.565365025466896,0.589
78,SH.560980,光伏30ETF,2024-01-18 00:00:00,0.56,0.596,0.602,0.559,0.0,0.0,127393000,74126390.0,4.929577464788737,0.568
79,SH.560980,光伏30ETF,2024-01-19 00:00:00,0.595,0.582,0.602,0.581,0.0,0.0,101781300,59903779.0,-2.348993288590606,0.596
80,SH.560980,光伏30ETF,2024-01-22 00:00:00,0.579,0.567,0.586,0.562,0.0,0.0,78802600,45158738.0,-2.5773195876288684,0.582
81,SH.560980,光伏30ETF,2024-01-23 00:00:00,0.569,0.583,0.593,0.562,0.0,0.0,108193700,62844266.0,2.8218694885361577,0.567
82,SH.560980,光伏30ETF,2024-01-24 00:00:00,0.581,0.572,0.582,0.554,0.0,0.0,118761100,67270298.0,-1.8867924528301903,0.583
83,SH.560980,光伏30ETF,2024-01-25 00:00:00,0.566,0.578,0.579,0.552,0.0,0.0,121088100,68310008.0,1.04895104895105,0.572
84,SH.560980,光伏30ETF,2024-01-26 00:00:00,0.572,0.564,0.579,0.561,0.0,0.0,73102300,41600874.0,-2.4221453287197257,0.578
85,SH.560980,光伏30ETF,2024-01-29 00:00:00,0.556,0.525,0.563,0.524,0.0,0.0,132122600,70999955.0,-6.9148936170212645,0.564
86,SH.560980,光伏30ETF,2024-01-30 00:00:00,0.515,0.515,0.53,0.512,0.0,0.0,94831900,49354262.0,-1.9047619047619064,0.525
87,SH.560980,光伏30ETF,2024-01-31 00:00:00,0.512,0.5,0.52,0.5,0.0,0.0,82715700,42033797.0,-2.9126213592233037,0.515
88,SH.560980,光伏30ETF,2024-02-01 00:00:00,0.497,0.511,0.523,0.497,0.0,0.0,77080400,39669985.0,2.200000000000002,0.5
89,SH.560980,光伏30ETF,2024-02-02 00:00:00,0.507,0.493,0.511,0.477,0.0,0.0,77629800,38626119.0,-3.5225048923679094,0.511
90,SH.560980,光伏30ETF,2024-02-05 00:00:00,0.486,0.486,0.494,0.459,0.0,0.0,65392300,31257278.0,-1.4198782961460459,0.493
91,SH.560980,光伏30ETF,2024-02-06 00:00:00,0.48,0.511,0.513,0.476,0.0,0.0,48834500,24392192.0,5.144032921810704,0.486
92,SH.560980,光伏30ETF,2024-02-07 00:00:00,0.511,0.52,0.527,0.511,0.0,0.0,56670600,29565093.0,1.7612524461839547,0.511
93,SH.560980,光伏30ETF,2024-02-08 00:00:00,0.522,0.53,0.535,0.521,0.0,0.0,38080700,20181213.0,1.9230769230769247,0.52
94,SH.560980,光伏30ETF,2024-02-19 00:00:00,0.534,0.531,0.534,0.525,0.0,0.0,30254500,16003595.0,0.18867924528301902,0.53
95,SH.560980,光伏30ETF,2024-02-20 00:00:00,0.525,0.528,0.529,0.518,0.0,0.0,32040600,16711759.0,-0.5649717514124298,0.531
96,SH.560980,光伏30ETF,2024-02-21 00:00:00,0.526,0.534,0.544,0.519,0.0,0.0,44226400,23545799.0,1.1363636363636374,0.528
97,SH.560980,光伏30ETF,2024-02-22 00:00:00,0.53,0.538,0.547,0.53,0.0,0.0,37713100,20254398.0,0.7490636704119856,0.534
98,SH.560980,光伏30ETF,2024-02-23 00:00:00,0.539,0.547,0.552,0.539,0.0,0.0,47780400,25993230.0,1.6728624535315997,0.538
99,SH.560980,光伏30ETF,2024-02-26 00:00:00,0.547,0.54,0.547,0.535,0.0,0.0,37410200,20187281.0,-1.2797074954296173,0.547
100,SH.560980,光伏30ETF,2024-02-27 00:00:00,0.539,0.548,0.548,0.535,0.0,0.0,38539900,20834880.0,1.4814814814814827,0.54
101,SH.560980,光伏30ETF,2024-02-28 00:00:00,0.55,0.54,0.57,0.539,0.0,0.0,59935200,33478655.0,-1.4598540145985412,0.548
102,SH.560980,光伏30ETF,2024-02-29 00:00:00,0.538,0.557,0.557,0.536,0.0,0.0,44744800,24591611.0,3.1481481481481506,0.54
103,SH.560980,光伏30ETF,2024-03-01 00:00:00,0.552,0.563,0.565,0.551,0.0,0.0,35719800,19963159.0,1.0771992818671263,0.557
104,SH.560980,光伏30ETF,2024-03-04 00:00:00,0.56,0.567,0.573,0.557,0.0,0.0,40953100,23165312.0,0.7104795737122565,0.563
105,SH.560980,光伏30ETF,2024-03-05 00:00:00,0.567,0.559,0.567,0.555,0.0,0.0,28733600,16043850.0,-1.4109347442680595,0.567
106,SH.560980,光伏30ETF,2024-03-06 00:00:00,0.556,0.579,0.59,0.555,0.0,0.0,61797200,35389857.0,3.5778175313058864,0.559
107,SH.560980,光伏30ETF,2024-03-07 00:00:00,0.579,0.564,0.579,0.561,0.0,0.0,40952600,23319573.0,-2.590673575129536,0.579
108,SH.560980,光伏30ETF,2024-03-08 00:00:00,0.563,0.583,0.585,0.563,0.0,0.0,47073600,27224222.0,3.3687943262411384,0.564
109,SH.560980,光伏30ETF,2024-03-11 00:00:00,0.591,0.609,0.612,0.591,0.0,0.0,46796900,28022193.0,4.459691252144086,0.583
110,SH.560980,光伏30ETF,2024-03-12 00:00:00,0.615,0.608,0.618,0.602,0.0,0.0,56040900,34155911.0,-0.16420361247947468,0.609
111,SH.560980,光伏30ETF,2024-03-13 00:00:00,0.602,0.601,0.607,0.597,0.0,0.0,49091000,29489297.0,-1.1513157894736852,0.608
112,SH.560980,光伏30ETF,2024-03-14 00:00:00,0.6,0.592,0.602,0.586,0.0,0.0,30351100,18055612.0,-1.4975041597337784,0.601
113,SH.560980,光伏30ETF,2024-03-15 00:00:00,0.587,0.586,0.591,0.576,0.0,0.0,26195900,15247394.0,-1.0135135135135145,0.592
114,SH.560980,光伏30ETF,2024-03-18 00:00:00,0.588,0.595,0.597,0.584,0.0,0.0,34419200,20349610.0,1.5358361774744043,0.586
115,SH.560980,光伏30ETF,2024-03-19 00:00:00,0.596,0.588,0.603,0.586,0.0,0.0,29005000,17225571.0,-1.176470588235295,0.595
116,SH.560980,光伏30ETF,2024-03-20 00:00:00,0.586,0.587,0.597,0.584,0.0,0.0,23377600,13736074.0,-0.17006802721088451,0.588
117,SH.560980,光伏30ETF,2024-03-21 00:00:00,0.586,0.579,0.588,0.576,0.0,0.0,36875900,21369722.0,-1.3628620102214664,0.587
118,SH.560980,光伏30ETF,2024-03-22 00:00:00,0.575,0.563,0.578,0.561,0.0,0.0,34895200,19768415.0,-2.7633851468048385,0.579
119,SH.560980,光伏30ETF,2024-03-25 00:00:00,0.558,0.559,0.57,0.558,0.0,0.0,25673000,14442880.0,-0.7104795737122367,0.563
120,SH.560980,光伏30ETF,2024-03-26 00:00:00,0.559,0.566,0.568,0.554,0.0,0.0,30278900,16967562.0,1.2522361359570473,0.559
121,SH.560980,光伏30ETF,2024-03-27 00:00:00,0.564,0.549,0.564,0.547,0.0,0.0,29829000,16617066.0,-3.003533568904577,0.566
122,SH.560980,光伏30ETF,2024-03-28 00:00:00,0.549,0.55,0.557,0.547,0.0,0.0,33400600,18405929.0,0.18214936247723149,0.549
123,SH.560980,光伏30ETF,2024-03-29 00:00:00,0.549,0.551,0.556,0.545,0.0,0.0,28859200,15873700.0,0.18181818181818196,0.55
124,SH.560980,光伏30ETF,2024-04-01 00:00:00,0.553,0.568,0.568,0.552,0.0,0.0,31996200,18025956.0,3.0852994555353725,0.551
125,SH.560980,光伏30ETF,2024-04-02 00:00:00,0.567,0.564,0.568,0.56,0.0,0.0,23569100,13273232.0,-0.7042253521126768,0.568
126,SH.560980,光伏30ETF,2024-04-03 00:00:00,0.564,0.559,0.564,0.556,0.0,0.0,24442800,13667711.0,-0.8865248226950166,0.564
127,SH.560980,光伏30ETF,2024-04-08 00:00:00,0.559,0.544,0.559,0.543,0.0,0.0,32401900,17792730.0,-2.6833631484794296,0.559
128,SH.560980,光伏30ETF,2024-04-09 00:00:00,0.543,0.548,0.55,0.541,0.0,0.0,23451600,12796041.0,0.7352941176470594,0.544
129,SH.560980,光伏30ETF,2024-04-10 00:00:00,0.548,0.537,0.548,0.533,0.0,0.0,25226400,13570907.0,-2.0072992700729944,0.548
130,SH.560980,光伏30ETF,2024-04-11 00:00:00,0.536,0.535,0.541,0.529,0.0,0.0,25396700,13598780.0,-0.37243947858473025,0.537
131,SH.560980,光伏30ETF,2024-04-12 00:00:00,0.535,0.522,0.537,0.521,0.0,0.0,25460400,13416980.0,-2.429906542056077,0.535
132,SH.560980,光伏30ETF,2024-04-15 00:00:00,0.522,0.529,0.536,0.519,0.0,0.0,29967400,15884939.0,1.3409961685823766,0.522
133,SH.560980,光伏30ETF,2024-04-16 00:00:00,0.532,0.516,0.533,0.516,0.0,0.0,24414700,12718869.0,-2.457466918714558,0.529
134,SH.560980,光伏30ETF,2024-04-17 00:00:00,0.518,0.527,0.527,0.518,0.0,0.0,19826200,10396969.0,2.1317829457364357,0.516
135,SH.560980,光伏30ETF,2024-04-18 00:00:00,0.527,0.525,0.529,0.517,0.0,0.0,21469400,11262924.0,-0.3795066413662242,0.527
136,SH.560980,光伏30ETF,2024-04-19 00:00:00,0.524,0.51,0.524,0.506,0.0,0.0,25240600,12924487.0,-2.8571428571428594,0.525
137,SH.560980,光伏30ETF,2024-04-22 00:00:00,0.509,0.512,0.524,0.509,0.0,0.0,17246300,8914213.0,0.39215686274509837,0.51
138,SH.560980,光伏30ETF,2024-04-23 00:00:00,0.517,0.507,0.521,0.506,0.0,0.0,14846500,7575902.0,-0.9765625000000009,0.512
139,SH.560980,光伏30ETF,2024-04-24 00:00:00,0.505,0.502,0.507,0.496,0.0,0.0,18265300,9133848.0,-0.9861932938856024,0.507
140,SH.560980,光伏30ETF,2024-04-25 00:00:00,0.501,0.5,0.505,0.492,0.0,0.0,13237300,6588708.0,-0.39840637450199234,0.502
141,SH.560980,光伏30ETF,2024-04-26 00:00:00,0.501,0.51,0.511,0.495,0.0,0.0,24746100,12526039.0,2.0000000000000018,0.5
142,SH.560980,光伏30ETF,2024-04-29 00:00:00,0.51,0.532,0.536,0.51,0.0,0.0,29686400,15614179.0,4.313725490196082,0.51
143,SH.560980,光伏30ETF,2024-04-30 00:00:00,0.526,0.518,0.532,0.514,0.0,0.0,28442900,14751469.0,-2.6315789473684235,0.532
144,SH.560980,光伏30ETF,2024-05-06 00:00:00,0.521,0.523,0.528,0.521,0.0,0.0,25192500,13217022.0,0.9652509652509661,0.518
145,SH.560980,光伏30ETF,2024-05-07 00:00:00,0.522,0.53,0.53,0.519,0.0,0.0,37947700,19938703.0,1.3384321223709381,0.523
146,SH.560980,光伏30ETF,2024-05-08 00:00:00,0.529,0.52,0.529,0.519,0.0,0.0,24057100,12574031.0,-1.8867924528301903,0.53
147,SH.560980,光伏30ETF,2024-05-09 00:00:00,0.52,0.534,0.541,0.518,0.0,0.0,30256400,16122655.0,2.6923076923076947,0.52
148,SH.560980,光伏30ETF,2024-05-10 00:00:00,0.533,0.532,0.533,0.523,0.0,0.0,26301600,13895422.0,-0.3745318352059928,0.534
149,SH.560980,光伏30ETF,2024-05-13 00:00:00,0.526,0.533,0.538,0.522,0.0,0.0,24045800,12764960.0,0.18796992481203023,0.532
150,SH.560980,光伏30ETF,2024-05-14 00:00:00,0.532,0.527,0.534,0.525,0.0,0.0,23252000,12259332.0,-1.1257035647279559,0.533
151,SH.560980,光伏30ETF,2024-05-15 00:00:00,0.529,0.522,0.537,0.521,0.0,0.0,25373600,13422441.0,-0.9487666034155606,0.527
152,SH.560980,光伏30ETF,2024-05-16 00:00:00,0.521,0.52,0.526,0.518,0.0,0.0,21242800,11079614.0,-0.3831417624521076,0.522
153,SH.560980,光伏30ETF,2024-05-17 00:00:00,0.518,0.518,0.519,0.509,0.0,0.0,24766200,12715755.0,-0.3846153846153849,0.52
154,SH.560980,光伏30ETF,2024-05-20 00:00:00,0.518,0.52,0.524,0.515,0.0,0.0,18745000,9740432.0,0.38610038610038644,0.518
155,SH.560980,光伏30ETF,2024-05-21 00:00:00,0.519,0.513,0.519,0.511,0.0,0.0,13753300,7063959.0,-1.3461538461538474,0.52
156,SH.560980,光伏30ETF,2024-05-22 00:00:00,0.515,0.547,0.552,0.515,0.0,0.0,79969600,42770668.0,6.627680311890844,0.513
157,SH.560980,光伏30ETF,2024-05-23 00:00:00,0.549,0.533,0.549,0.529,0.0,0.0,61196700,32842040.0,-2.5594149908592345,0.547
158,SH.560980,光伏30ETF,2024-05-24 00:00:00,0.533,0.529,0.543,0.527,0.0,0.0,44314800,23701420.0,-0.7504690431519706,0.533
159,SH.560980,光伏30ETF,2024-05-27 00:00:00,0.529,0.523,0.53,0.514,0.0,0.0,39515900,20512977.0,-1.1342155009451804,0.529
160,SH.560980,光伏30ETF,2024-05-28 00:00:00,0.519,0.521,0.529,0.518,0.0,0.0,28960500,15116825.0,-0.382409177820268,0.523
161,SH.560980,光伏30ETF,2024-05-29 00:00:00,0.524,0.534,0.545,0.524,0.0,0.0,55893500,30083682.0,2.4952015355086394,0.521
162,SH.560980,光伏30ETF,2024-05-30 00:00:00,0.54,0.536,0.543,0.531,0.0,0.0,40931300,21967160.0,0.3745318352059928,0.534
163,SH.560980,光伏30ETF,2024-05-31 00:00:00,0.534,0.526,0.536,0.524,0.0,0.0,37066100,19573290.0,-1.8656716417910464,0.536
164,SH.560980,光伏30ETF,2024-06-03 00:00:00,0.525,0.523,0.525,0.517,0.0,0.0,30017400,15597865.0,-0.5703422053231944,0.526
165,SH.560980,光伏30ETF,2024-06-04 00:00:00,0.52,0.53,0.531,0.517,0.0,0.0,31507100,16519282.0,1.3384321223709381,0.523
166,SH.560980,光伏30ETF,2024-06-05 00:00:00,0.528,0.522,0.529,0.521,0.0,0.0,25333800,13323966.0,-1.5094339622641522,0.53
167,SH.560980,光伏30ETF,2024-06-06 00:00:00,0.522,0.509,0.527,0.506,0.0,0.0,39290200,20202371.0,-2.4904214559386997,0.522
168,SH.560980,光伏30ETF,2024-06-07 00:00:00,0.508,0.498,0.51,0.494,0.0,0.0,35815800,17914774.0,-2.1611001964636563,0.509
169,SH.560980,光伏30ETF,2024-06-11 00:00:00,0.493,0.501,0.502,0.493,0.0,0.0,21727900,10821333.0,0.6024096385542175,0.498
170,SH.560980,光伏30ETF,2024-06-12 00:00:00,0.5,0.498,0.5,0.496,0.0,0.0,19946200,9927407.0,-0.5988023952095813,0.501
171,SH.560980,光伏30ETF,2024-06-13 00:00:00,0.499,0.5,0.504,0.498,0.0,0.0,25276500,12652671.0,0.40160642570281163,0.498
172,SH.560980,光伏30ETF,2024-06-14 00:00:00,0.499,0.498,0.501,0.492,0.0,0.0,27126500,13466469.0,-0.40000000000000036,0.5
173,SH.560980,光伏30ETF,2024-06-17 00:00:00,0.496,0.495,0.497,0.488,0.0,0.0,25634200,12656783.0,-0.6024096385542175,0.498
174,SH.560980,光伏30ETF,2024-06-18 00:00:00,0.495,0.498,0.503,0.494,0.0,0.0,19739900,9831938.0,0.6060606060606066,0.495
175,SH.560980,光伏30ETF,2024-06-19 00:00:00,0.498,0.488,0.498,0.487,0.0,0.0,30286100,14846285.0,-2.008032128514058,0.498
176,SH.560980,光伏30ETF,2024-06-20 00:00:00,0.488,0.477,0.488,0.477,0.0,0.0,23206600,11164509.0,-2.25409836065574,0.488
177,SH.560980,光伏30ETF,2024-06-21 00:00:00,0.479,0.476,0.484,0.474,0.0,0.0,24359300,11646386.0,-0.20964360587002115,0.477
178,SH.560980,光伏30ETF,2024-06-24 00:00:00,0.471,0.465,0.476,0.464,0.0,0.0,22132200,10375983.0,-2.3109243697478896,0.476
179,SH.560980,光伏30ETF,2024-06-25 00:00:00,0.466,0.452,0.466,0.449,0.0,0.0,31151200,14195580.0,-2.7956989247311848,0.465
180,SH.560980,光伏30ETF,2024-06-26 00:00:00,0.451,0.458,0.458,0.448,0.0,0.0,33525100,15193049.0,1.3274336283185852,0.452
181,SH.560980,光伏30ETF,2024-06-27 00:00:00,0.456,0.448,0.456,0.447,0.0,0.0,23804300,10700608.0,-2.18340611353712,0.458
182,SH.560980,光伏30ETF,2024-06-28 00:00:00,0.449,0.446,0.452,0.444,0.0,0.0,28629500,12827031.0,-0.44642857142857184,0.448
183,SH.560980,光伏30ETF,2024-07-01 00:00:00,0.446,0.45,0.453,0.443,0.0,0.0,28439200,12733321.0,0.896860986547086,0.446
184,SH.560980,光伏30ETF,2024-07-02 00:00:00,0.45,0.439,0.45,0.438,0.0,0.0,36962000,16317600.0,-2.444444444444447,0.45
185,SH.560980,光伏30ETF,2024-07-03 00:00:00,0.438,0.435,0.44,0.434,0.0,0.0,26405900,11540702.0,-0.9111617312072902,0.439
186,SH.560980,光伏30ETF,2024-07-04 00:00:00,0.435,0.428,0.438,0.428,0.0,0.0,26054000,11257076.0,-1.609195402298852,0.435
187,SH.560980,光伏30ETF,2024-07-05 00:00:00,0.427,0.435,0.436,0.427,0.0,0.0,29495600,12763236.0,1.6355140186915904,0.428
188,SH.560980,光伏30ETF,2024-07-08 00:00:00,0.433,0.421,0.433,0.42,0.0,0.0,22801800,9683187.0,-3.218390804597704,0.435
189,SH.560980,光伏30ETF,2024-07-09 00:00:00,0.422,0.427,0.427,0.415,0.0,0.0,33869200,14286683.0,1.4251781472684097,0.421
190,SH.560980,光伏30ETF,2024-07-10 00:00:00,0.421,0.423,0.433,0.418,0.0,0.0,24843800,10587924.0,-0.9367681498829048,0.427
191,SH.560980,光伏30ETF,2024-07-11 00:00:00,0.426,0.437,0.439,0.426,0.0,0.0,34530700,14972613.0,3.3096926713948016,0.423
192,SH.560980,光伏30ETF,2024-07-12 00:00:00,0.435,0.443,0.448,0.435,0.0,0.0,39191500,17341850.0,1.372997711670482,0.437
193,SH.560980,光伏30ETF,2024-07-15 00:00:00,0.439,0.438,0.442,0.435,0.0,0.0,20462900,8961487.0,-1.128668171557563,0.443
194,SH.560980,光伏30ETF,2024-07-16 00:00:00,0.438,0.449,0.45,0.436,0.0,0.0,27764800,12292869.0,2.5114155251141574,0.438
195,SH.560980,光伏30ETF,2024-07-17 00:00:00,0.455,0.449,0.455,0.447,0.0,0.0,20937200,9439495.0,0.0,0.449
196,SH.560980,光伏30ETF,2024-07-18 00:00:00,0.443,0.452,0.458,0.439,0.0,0.0,29224500,13113357.0,0.6681514476614705,0.449
197,SH.560980,光伏30ETF,2024-07-19 00:00:00,0.449,0.459,0.46,0.449,0.0,0.0,29520800,13439507.0,1.5486725663716827,0.452
198,SH.560980,光伏30ETF,2024-07-22 00:00:00,0.459,0.459,0.465,0.456,0.0,0.0,22335700,10267031.0,0.0,0.459
199,SH.560980,光伏30ETF,2024-07-23 00:00:00,0.459,0.446,0.459,0.446,0.0,0.0,27169900,12305061.0,-2.8322440087145995,0.459
0,SH.560980,光伏30ETF,2024-07-24 00:00:00,0.445,0.439,0.447,0.438,0.0,0.0,19847000,8780362.0,-1.5695067264574005,0.446
1,SH.560980,光伏30ETF,2024-07-25 00:00:00,0.441,0.453,0.459,0.439,0.0,0.0,35886100,16157350.0,3.1890660592255156,0.439
2,SH.560980,光伏30ETF,2024-07-26 00:00:00,0.453,0.453,0.454,0.448,0.0,0.0,22751700,10266050.0,0.0,0.453
3,SH.560980,光伏30ETF,2024-07-29 00:00:00,0.454,0.442,0.454,0.442,0.0,0.0,19628700,8726679.0,-2.428256070640179,0.453
4,SH.560980,光伏30ETF,2024-07-30 00:00:00,0.44,0.441,0.446,0.437,0.0,0.0,16899400,7426509.0,-0.2262443438914029,0.442
5,SH.560980,光伏30ETF,2024-07-31 00:00:00,0.442,0.456,0.456,0.435,0.0,0.0,29175700,13051201.0,3.40136054421769,0.441
6,SH.560980,光伏30ETF,2024-08-01 00:00:00,0.455,0.45,0.456,0.449,0.0,0.0,20970600,9477146.0,-1.3157894736842117,0.456
7,SH.560980,光伏30ETF,2024-08-02 00:00:00,0.446,0.443,0.451,0.441,0.0,0.0,20655000,9210175.0,-1.555555555555557,0.45
8,SH.560980,光伏30ETF,2024-08-05 00:00:00,0.44,0.437,0.451,0.436,0.0,0.0,20317100,8997810.0,-1.3544018058690757,0.443
9,SH.560980,光伏30ETF,2024-08-06 00:00:00,0.44,0.454,0.456,0.44,0.0,0.0,41184600,18609281.0,3.890160183066365,0.437
10,SH.560980,光伏30ETF,2024-08-07 00:00:00,0.451,0.455,0.458,0.451,0.0,0.0,16508500,7503905.0,0.22026431718061693,0.454
11,SH.560980,光伏30ETF,2024-08-08 00:00:00,0.453,0.453,0.456,0.45,0.0,0.0,13505500,6113676.0,-0.4395604395604399,0.455
12,SH.560980,光伏30ETF,2024-08-09 00:00:00,0.454,0.447,0.456,0.446,0.0,0.0,17313300,7798936.0,-1.3245033112582794,0.453
13,SH.560980,光伏30ETF,2024-08-12 00:00:00,0.453,0.445,0.455,0.443,0.0,0.0,16178300,7242716.0,-0.4474272930648774,0.447
14,SH.560980,光伏30ETF,2024-08-13 00:00:00,0.441,0.444,0.447,0.438,0.0,0.0,15946800,7033025.0,-0.2247191011235957,0.445
15,SH.560980,光伏30ETF,2024-08-14 00:00:00,0.444,0.439,0.449,0.436,0.0,0.0,16380000,7202052.0,-1.126126126126127,0.444
16,SH.560980,光伏30ETF,2024-08-15 00:00:00,0.437,0.441,0.445,0.433,0.0,0.0,15096900,6620989.0,0.4555808656036451,0.439
17,SH.560980,光伏30ETF,2024-08-16 00:00:00,0.442,0.436,0.442,0.435,0.0,0.0,12114900,5297698.0,-1.1337868480725635,0.441
18,SH.560980,光伏30ETF,2024-08-19 00:00:00,0.434,0.432,0.437,0.43,0.0,0.0,13753000,5946847.0,-0.9174311926605512,0.436
19,SH.560980,光伏30ETF,2024-08-20 00:00:00,0.431,0.426,0.432,0.423,0.0,0.0,16608800,7091502.0,-1.3888888888888902,0.432
20,SH.560980,光伏30ETF,2024-08-21 00:00:00,0.426,0.42,0.427,0.419,0.0,0.0,12853200,5408399.0,-1.4084507042253533,0.426
21,SH.560980,光伏30ETF,2024-08-22 00:00:00,0.42,0.412,0.422,0.412,0.0,0.0,15236400,6317096.0,-1.9047619047619067,0.42
22,SH.560980,光伏30ETF,2024-08-23 00:00:00,0.41,0.412,0.416,0.41,0.0,0.0,21346800,8816131.0,0.0,0.412
23,SH.560980,光伏30ETF,2024-08-26 00:00:00,0.414,0.419,0.424,0.414,0.0,0.0,19811600,8302028.0,1.699029126213594,0.412
24,SH.560980,光伏30ETF,2024-08-27 00:00:00,0.418,0.415,0.418,0.409,0.0,0.0,14503800,6000537.0,-0.954653937947495,0.419
25,SH.560980,光伏30ETF,2024-08-28 00:00:00,0.414,0.414,0.416,0.411,0.0,0.0,9778300,4052634.0,-0.240963855421687,0.415
26,SH.560980,光伏30ETF,2024-08-29 00:00:00,0.414,0.43,0.434,0.413,0.0,0.0,31601300,13460940.0,3.8647342995169116,0.414
27,SH.560980,光伏30ETF,2024-08-30 00:00:00,0.427,0.437,0.442,0.427,0.0,0.0,33050600,14418116.0,1.6279069767441874,0.43
28,SH.560980,光伏30ETF,2024-09-02 00:00:00,0.434,0.428,0.439,0.427,0.0,0.0,12706100,5497269.0,-2.0594965675057226,0.437
29,SH.560980,光伏30ETF,2024-09-03 00:00:00,0.428,0.432,0.434,0.425,0.0,0.0,10372700,4463258.0,0.9345794392523372,0.428
30,SH.560980,光伏30ETF,2024-09-04 00:00:00,0.429,0.431,0.438,0.428,0.0,0.0,15759300,6813510.0,-0.23148148148148168,0.432
31,SH.560980,光伏30ETF,2024-09-05 00:00:00,0.432,0.435,0.44,0.431,0.0,0.0,15955000,6959765.0,0.928074245939676,0.431
32,SH.560980,光伏30ETF,2024-09-06 00:00:00,0.437,0.425,0.437,0.424,0.0,0.0,13914700,5943855.0,-2.2988505747126458,0.435
33,SH.560980,光伏30ETF,2024-09-09 00:00:00,0.425,0.423,0.426,0.419,0.0,0.0,12446800,5261563.0,-0.47058823529411803,0.425
34,SH.560980,光伏30ETF,2024-09-10 00:00:00,0.422,0.422,0.423,0.415,0.0,0.0,12333300,5170619.0,-0.236406619385343,0.423
35,SH.560980,光伏30ETF,2024-09-11 00:00:00,0.42,0.428,0.431,0.418,0.0,0.0,19255200,8206140.0,1.4218009478673,0.422
36,SH.560980,光伏30ETF,2024-09-12 00:00:00,0.429,0.43,0.44,0.429,0.0,0.0,13287700,5768372.0,0.4672897196261686,0.428
37,SH.560980,光伏30ETF,2024-09-13 00:00:00,0.43,0.422,0.43,0.421,0.0,0.0,19928200,8467662.0,-1.8604651162790715,0.43
38,SH.560980,光伏30ETF,2024-09-18 00:00:00,0.422,0.421,0.422,0.417,0.0,0.0,9706100,4068083.0,-0.23696682464455,0.422
39,SH.560980,光伏30ETF,2024-09-19 00:00:00,0.429,0.424,0.431,0.419,0.0,0.0,14459100,6141590.0,0.7125890736342049,0.421
40,SH.560980,光伏30ETF,2024-09-20 00:00:00,0.424,0.42,0.424,0.414,0.0,0.0,15107400,6304217.0,-0.9433962264150951,0.424
41,SH.560980,光伏30ETF,2024-09-23 00:00:00,0.421,0.413,0.421,0.411,0.0,0.0,21175200,8773759.0,-1.6666666666666683,0.42
42,SH.560980,光伏30ETF,2024-09-24 00:00:00,0.414,0.428,0.428,0.41,0.0,0.0,32302600,13510578.0,3.6319612590799064,0.413
43,SH.560980,光伏30ETF,2024-09-25 00:00:00,0.429,0.431,0.442,0.429,0.0,0.0,30567800,13345649.0,0.700934579439253,0.428
44,SH.560980,光伏30ETF,2024-09-26 00:00:00,0.433,0.447,0.447,0.425,0.0,0.0,32780800,14238800.0,3.712296983758704,0.431
45,SH.560980,光伏30ETF,2024-09-27 00:00:00,0.453,0.479,0.48,0.448,0.0,0.0,21346300,9907790.0,7.158836689038026,0.447
46,SH.560980,光伏30ETF,2024-09-30 00:00:00,0.509,0.527,0.527,0.495,0.0,0.0,43881600,22636752.0,10.020876826722347,0.479
47,SH.560980,光伏30ETF,2024-10-08 00:00:00,0.58,0.58,0.58,0.54,0.0,0.0,34428700,19826013.0,10.056925996204921,0.527
48,SH.560980,光伏30ETF,2024-10-09 00:00:00,0.584,0.542,0.584,0.541,0.0,0.0,48579800,27363170.0,-6.551724137931021,0.58
49,SH.560980,光伏30ETF,2024-10-10 00:00:00,0.541,0.539,0.559,0.534,0.0,0.0,26914000,14719756.0,-0.553505535055351,0.542
50,SH.560980,光伏30ETF,2024-10-11 00:00:00,0.539,0.518,0.541,0.512,0.0,0.0,32510900,16982251.0,-3.8961038961038996,0.539
51,SH.560980,光伏30ETF,2024-10-14 00:00:00,0.518,0.526,0.528,0.51,0.0,0.0,21187600,11029604.0,1.5444015444015458,0.518
52,SH.560980,光伏30ETF,2024-10-15 00:00:00,0.525,0.513,0.527,0.513,0.0,0.0,21312300,11053153.0,-2.4714828897338426,0.526
53,SH.560980,光伏30ETF,2024-10-16 00:00:00,0.509,0.498,0.509,0.496,0.0,0.0,26563400,13337001.0,-2.9239766081871372,0.513
54,SH.560980,光伏30ETF,2024-10-17 00:00:00,0.499,0.494,0.504,0.492,0.0,0.0,15174000,7557967.0,-0.8032128514056233,0.498
55,SH.560980,光伏30ETF,2024-10-18 00:00:00,0.494,0.518,0.531,0.49,0.0,0.0,35596000,18204329.0,4.8582995951417045,0.494
56,SH.560980,光伏30ETF,2024-10-21 00:00:00,0.523,0.532,0.547,0.523,0.0,0.0,31470600,16773615.0,2.702702702702705,0.518
57,SH.560980,光伏30ETF,2024-10-22 00:00:00,0.523,0.544,0.547,0.52,0.0,0.0,35042000,18787517.0,2.2556390977443628,0.532
58,SH.560980,光伏30ETF,2024-10-23 00:00:00,0.544,0.569,0.589,0.54,0.0,0.0,69896400,39488429.0,4.595588235294102,0.544
59,SH.560980,光伏30ETF,2024-10-24 00:00:00,0.569,0.547,0.569,0.545,0.0,0.0,40521500,22378229.0,-3.8664323374340794,0.569
60,SH.560980,光伏30ETF,2024-10-25 00:00:00,0.546,0.598,0.6,0.546,0.0,0.0,77248100,45042099.0,9.323583180987189,0.547
61,SH.560980,光伏30ETF,2024-10-28 00:00:00,0.596,0.583,0.596,0.568,0.0,0.0,68917000,39758981.0,-2.5083612040133803,0.598
62,SH.560980,光伏30ETF,2024-10-29 00:00:00,0.59,0.565,0.605,0.564,0.0,0.0,48619200,28231274.0,-3.087478559176675,0.583
63,SH.560980,光伏30ETF,2024-10-30 00:00:00,0.559,0.566,0.574,0.555,0.0,0.0,33114000,18704010.0,0.17699115044247804,0.565
64,SH.560980,光伏30ETF,2024-10-31 00:00:00,0.579,0.576,0.587,0.571,0.0,0.0,42280900,24450904.0,1.7667844522968217,0.566
65,SH.560980,光伏30ETF,2024-11-01 00:00:00,0.57,0.559,0.57,0.554,0.0,0.0,38843400,21796233.0,-2.9513888888888724,0.576
66,SH.560980,光伏30ETF,2024-11-04 00:00:00,0.554,0.563,0.568,0.554,0.0,0.0,17465500,9793910.0,0.7155635062611614,0.559
67,SH.560980,光伏30ETF,2024-11-05 00:00:00,0.563,0.576,0.577,0.558,0.0,0.0,36776800,20959795.0,2.3090586145648335,0.563
68,SH.560980,光伏30ETF,2024-11-06 00:00:00,0.576,0.574,0.593,0.57,0.0,0.0,33729800,19568044.0,-0.34722222222222254,0.576
69,SH.560980,光伏30ETF,2024-11-07 00:00:00,0.56,0.569,0.57,0.546,0.0,0.0,46800900,26134084.0,-0.8710801393728231,0.574
70,SH.560980,光伏30ETF,2024-11-08 00:00:00,0.57,0.566,0.578,0.564,0.0,0.0,36277900,20730510.0,-0.527240773286468,0.569
71,SH.560980,光伏30ETF,2024-11-11 00:00:00,0.567,0.58,0.583,0.562,0.0,0.0,37463400,21591229.0,2.47349823321555,0.566
72,SH.560980,光伏30ETF,2024-11-12 00:00:00,0.583,0.573,0.59,0.567,0.0,0.0,36278800,20996350.0,-1.2068965517241392,0.58
73,SH.560980,光伏30ETF,2024-11-13 00:00:00,0.57,0.579,0.58,0.568,0.0,0.0,27748400,15914458.0,1.0471204188481684,0.573
74,SH.560980,光伏30ETF,2024-11-14 00:00:00,0.584,0.567,0.587,0.567,0.0,0.0,29457900,17041990.0,-2.072538860103629,0.579
75,SH.560980,光伏30ETF,2024-11-15 00:00:00,0.564,0.548,0.569,0.548,0.0,0.0,26299700,14676019.0,-3.3509700176366684,0.567
76,SH.560980,光伏30ETF,2024-11-18 00:00:00,0.548,0.536,0.551,0.534,0.0,0.0,20214600,10963981.0,-2.189781021897812,0.548
77,SH.560980,光伏30ETF,2024-11-19 00:00:00,0.544,0.553,0.555,0.537,0.0,0.0,29830400,16304464.0,3.171641791044779,0.536
78,SH.560980,光伏30ETF,2024-11-20 00:00:00,0.549,0.551,0.553,0.544,0.0,0.0,24644400,13528050.0,-0.3616636528028936,0.553
79,SH.560980,光伏30ETF,2024-11-21 00:00:00,0.557,0.55,0.561,0.546,0.0,0.0,21514300,11886532.0,-0.1814882032667878,0.551
80,SH.560980,光伏30ETF,2024-11-22 00:00:00,0.549,0.53,0.549,0.528,0.0,0.0,23714600,12794297.0,-3.636363636363639,0.55
81,SH.560980,光伏30ETF,2024-11-25 00:00:00,0.529,0.529,0.532,0.523,0.0,0.0,22535800,11907155.0,-0.18867924528301902,0.53
82,SH.560980,光伏30ETF,2024-11-26 00:00:00,0.53,0.528,0.54,0.526,0.0,0.0,22313100,11899196.0,-0.18903591682419676,0.529
83,SH.560980,光伏30ETF,2024-11-27 00:00:00,0.528,0.54,0.54,0.522,0.0,0.0,21082200,11194955.0,2.2727272727272747,0.528
84,SH.560980,光伏30ETF,2024-11-28 00:00:00,0.54,0.535,0.543,0.534,0.0,0.0,22165600,11924285.0,-0.9259259259259267,0.54
85,SH.560980,光伏30ETF,2024-11-29 00:00:00,0.535,0.542,0.546,0.533,0.0,0.0,24618800,13279649.0,1.308411214953272,0.535
86,SH.560980,光伏30ETF,2024-12-02 00:00:00,0.538,0.544,0.545,0.527,0.0,0.0,25898100,13972493.0,0.36900369003690064,0.542
87,SH.560980,光伏30ETF,2024-12-03 00:00:00,0.544,0.543,0.548,0.539,0.0,0.0,19902900,10814729.0,-0.18382352941176486,0.544
88,SH.560980,光伏30ETF,2024-12-04 00:00:00,0.545,0.531,0.545,0.529,0.0,0.0,15420500,8222153.0,-2.209944751381217,0.543
89,SH.560980,光伏30ETF,2024-12-05 00:00:00,0.532,0.529,0.532,0.526,0.0,0.0,15556400,8215677.0,-0.37664783427495324,0.531
90,SH.560980,光伏30ETF,2024-12-06 00:00:00,0.527,0.534,0.534,0.519,0.0,0.0,27521700,14537818.0,0.9451795841209839,0.529
91,SH.560980,光伏30ETF,2024-12-09 00:00:00,0.533,0.526,0.533,0.524,0.0,0.0,18338500,9677809.0,-1.4981273408239713,0.534
92,SH.560980,光伏30ETF,2024-12-10 00:00:00,0.538,0.526,0.545,0.526,0.0,0.0,27841100,14819983.0,0.0,0.526
93,SH.560980,光伏30ETF,2024-12-11 00:00:00,0.526,0.527,0.529,0.523,0.0,0.0,18265200,9612218.0,0.1901140684410648,0.526
94,SH.560980,光伏30ETF,2024-12-12 00:00:00,0.527,0.529,0.53,0.522,0.0,0.0,25693500,13546460.0,0.3795066413662242,0.527
95,SH.560980,光伏30ETF,2024-12-13 00:00:00,0.529,0.518,0.529,0.517,0.0,0.0,25682100,13414835.0,-2.079395085066164,0.529
96,SH.560980,光伏30ETF,2024-12-16 00:00:00,0.517,0.508,0.519,0.508,0.0,0.0,21471000,10984547.0,-1.9305019305019322,0.518
97,SH.560980,光伏30ETF,2024-12-17 00:00:00,0.509,0.506,0.515,0.506,0.0,0.0,25504600,13020564.0,-0.39370078740157516,0.508
98,SH.560980,光伏30ETF,2024-12-18 00:00:00,0.509,0.507,0.51,0.505,0.0,0.0,16492410,8366835.0,0.19762845849802388,0.506
99,SH.560980,光伏30ETF,2024-12-19 00:00:00,0.506,0.506,0.506,0.499,0.0,0.0,17997300,9039454.0,-0.1972386587771205,0.507
100,SH.560980,光伏30ETF,2024-12-20 00:00:00,0.505,0.503,0.506,0.502,0.0,0.0,16522200,8330305.0,-0.5928853754940716,0.506
101,SH.560980,光伏30ETF,2024-12-23 00:00:00,0.503,0.502,0.51,0.5,0.0,0.0,25176300,12687359.0,-0.19880715705765428,0.503
102,SH.560980,光伏30ETF,2024-12-24 00:00:00,0.5,0.511,0.512,0.5,0.0,0.0,25321000,12891305.0,1.7928286852589657,0.502
103,SH.560980,光伏30ETF,2024-12-25 00:00:00,0.512,0.508,0.514,0.504,0.0,0.0,21288600,10790584.0,-0.5870841487279849,0.511
104,SH.560980,光伏30ETF,2024-12-26 00:00:00,0.508,0.506,0.509,0.506,0.0,0.0,16411200,8314733.0,-0.39370078740157516,0.508
105,SH.560980,光伏30ETF,2024-12-27 00:00:00,0.506,0.505,0.509,0.502,0.0,0.0,20214400,10218077.0,-0.19762845849802388,0.506
106,SH.560980,光伏30ETF,2024-12-30 00:00:00,0.505,0.506,0.509,0.503,0.0,0.0,15732400,7951235.0,0.1980198019801982,0.505
107,SH.560980,光伏30ETF,2024-12-31 00:00:00,0.505,0.495,0.51,0.495,0.0,0.0,22744700,11384684.0,-2.173913043478263,0.506
108,SH.560980,光伏30ETF,2025-01-02 00:00:00,0.494,0.48,0.498,0.478,0.0,0.0,31237600,15180447.0,-3.030303030303033,0.495
109,SH.560980,光伏30ETF,2025-01-03 00:00:00,0.482,0.472,0.484,0.471,0.0,0.0,24683500,11786516.0,-1.6666666666666683,0.48
110,SH.560980,光伏30ETF,2025-01-06 00:00:00,0.471,0.478,0.483,0.471,0.0,0.0,26794200,12788710.0,1.2711864406779672,0.472
111,SH.560980,光伏30ETF,2025-01-07 00:00:00,0.48,0.479,0.481,0.473,0.0,0.0,21292800,10148810.0,0.2092050209205023,0.478
112,SH.560980,光伏30ETF,2025-01-08 00:00:00,0.479,0.479,0.483,0.471,0.0,0.0,25926800,12367096.0,0.0,0.479
113,SH.560980,光伏30ETF,2025-01-09 00:00:00,0.477,0.478,0.487,0.477,0.0,0.0,29064100,14000148.0,-0.20876826722338224,0.479
114,SH.560980,光伏30ETF,2025-01-10 00:00:00,0.477,0.467,0.48,0.466,0.0,0.0,27367000,12946335.0,-2.3012552301255136,0.478
115,SH.560980,光伏30ETF,2025-01-13 00:00:00,0.467,0.467,0.472,0.463,0.0,0.0,38210300,17822950.0,0.0,0.467
116,SH.560980,光伏30ETF,2025-01-14 00:00:00,0.467,0.482,0.482,0.465,0.0,0.0,25505700,12123591.0,3.2119914346894984,0.467
117,SH.560980,光伏30ETF,2025-01-15 00:00:00,0.481,0.483,0.487,0.474,0.0,0.0,26560400,12746426.0,0.20746887966804997,0.482
118,SH.560980,光伏30ETF,2025-01-16 00:00:00,0.483,0.486,0.493,0.481,0.0,0.0,30448200,14788225.0,0.6211180124223609,0.483
119,SH.560980,光伏30ETF,2025-01-17 00:00:00,0.485,0.486,0.49,0.479,0.0,0.0,27849600,13540475.0,0.0,0.486
120,SH.560980,光伏30ETF,2025-01-20 00:00:00,0.489,0.492,0.497,0.489,0.0,0.0,29358100,14496394.0,1.234567901234569,0.486
121,SH.560980,光伏30ETF,2025-01-21 00:00:00,0.494,0.487,0.495,0.484,0.0,0.0,20937700,10201337.0,-1.0162601626016268,0.492
122,SH.560980,光伏30ETF,2025-01-22 00:00:00,0.484,0.478,0.487,0.476,0.0,0.0,24760100,11858279.0,-1.84804928131417,0.487
123,SH.560980,光伏30ETF,2025-01-23 00:00:00,0.481,0.477,0.485,0.477,0.0,0.0,20545100,9880622.0,-0.2092050209205023,0.478
124,SH.560980,光伏30ETF,2025-01-24 00:00:00,0.477,0.483,0.485,0.475,0.0,0.0,33401200,16115285.0,1.2578616352201268,0.477
125,SH.560980,光伏30ETF,2025-01-27 00:00:00,0.483,0.475,0.487,0.475,0.0,0.0,23810300,11434145.0,-1.656314699792962,0.483
126,SH.560980,光伏30ETF,2025-02-05 00:00:00,0.477,0.472,0.477,0.468,0.0,0.0,20518900,9687194.0,-0.6315789473684217,0.475
127,SH.560980,光伏30ETF,2025-02-06 00:00:00,0.472,0.479,0.48,0.467,0.0,0.0,21666800,10263386.0,1.4830508474576285,0.472
128,SH.560980,光伏30ETF,2025-02-07 00:00:00,0.479,0.495,0.501,0.478,0.0,0.0,37496800,18472092.0,3.340292275574116,0.479
129,SH.560980,光伏30ETF,2025-02-10 00:00:00,0.495,0.491,0.497,0.485,0.0,0.0,29044400,14169327.0,-0.8080808080808087,0.495
130,SH.560980,光伏30ETF,2025-02-11 00:00:00,0.491,0.484,0.491,0.481,0.0,0.0,23725000,11481352.0,-1.4256619144602865,0.491
131,SH.560980,光伏30ETF,2025-02-12 00:00:00,0.484,0.487,0.487,0.48,0.0,0.0,16983500,8201537.0,0.6198347107438021,0.484
132,SH.560980,光伏30ETF,2025-02-13 00:00:00,0.487,0.481,0.488,0.48,0.0,0.0,25827900,12471151.0,-1.2320328542094467,0.487
133,SH.560980,光伏30ETF,2025-02-14 00:00:00,0.481,0.482,0.485,0.48,0.0,0.0,19191800,9250386.0,0.20790020790020808,0.481
134,SH.560980,光伏30ETF,2025-02-17 00:00:00,0.481,0.484,0.485,0.479,0.0,0.0,24546300,11836835.0,0.41493775933609994,0.482
135,SH.560980,光伏30ETF,2025-02-18 00:00:00,0.486,0.479,0.489,0.476,0.0,0.0,24855500,12002984.0,-1.0330578512396704,0.484
136,SH.560980,光伏30ETF,2025-02-19 00:00:00,0.479,0.486,0.486,0.475,0.0,0.0,19171000,9220738.0,1.4613778705636757,0.479
137,SH.560980,光伏30ETF,2025-02-20 00:00:00,0.485,0.482,0.485,0.478,0.0,0.0,17051000,8198038.0,-0.8230452674897127,0.486
138,SH.560980,光伏30ETF,2025-02-21 00:00:00,0.481,0.483,0.485,0.477,0.0,0.0,20881400,10042617.0,0.20746887966804997,0.482
139,SH.560980,光伏30ETF,2025-02-24 00:00:00,0.483,0.487,0.487,0.477,0.0,0.0,23470100,11357988.0,0.828157349896481,0.483
